model,round_type,round_index,threshold,cuda_layers,cpu_fallback_layers,cuda_original_mb,cpu_original_mb,full_gradient_D2H_avoided_mb,D2H_payload_mb,kernel_launch_count,cuda_kernel_ms,cuda_wall_ms,state_lookup_ms,payload_d2h_ms,payload_assembly_ms,state_commit_ms,cpu_fallback_ms,model_total_ms,cpu_baseline_model_total_ms,speedup_vs_cpu,ratio_delta,compression_ratio,correctness_status
resnet18,round0,0,262144,8,93,39.375000,3.286865,0.000000,39.375000,0,0.000000,0.000000,0.000000,17.046518,17.046518,0.579799,45.663487,87.476272,321.487958,3.675145,-0.725432,1.055580,not_checked_by_benchmark
resnet18,hot,1,262144,8,93,39.375000,3.286865,0.000000,39.497698,8,2.060224,2.631031,2.642592,20.028062,31.603739,0.497216,59.397870,141.610511,405.994268,2.866978,-0.724241,1.052191,not_checked_by_benchmark
resnet18,hot,2,262144,8,93,39.375000,3.286865,0.000000,39.497933,8,2.058176,2.592536,2.542003,19.762779,31.496143,0.499200,56.104244,108.792408,394.017797,3.621740,-0.723159,1.052078,not_checked_by_benchmark
resnet18,round0,0,524288,7,94,38.250000,4.411865,0.000000,38.250000,0,0.000000,0.000000,0.000000,18.172172,18.172172,0.513298,51.675344,85.912695,321.487958,3.742031,-0.719704,1.077602,not_checked_by_benchmark
resnet18,hot,1,524288,7,94,38.250000,4.411865,0.000000,38.369167,7,1.992672,2.482554,2.305157,17.991567,29.204735,0.448463,70.810989,143.225409,405.994268,2.834653,-0.718484,1.074156,not_checked_by_benchmark
resnet18,hot,2,524288,7,94,38.250000,4.411865,0.000000,38.369394,7,1.994656,2.478538,2.291303,19.195329,30.061348,0.436120,66.517931,119.010858,394.017797,3.310772,-0.717399,1.073966,not_checked_by_benchmark
resnet18,round0,0,1048576,4,97,31.500000,11.161865,0.000000,31.500000,0,0.000000,0.000000,0.000000,14.723961,14.723961,0.310131,98.619123,128.849827,321.487958,2.495059,-0.679153,1.233502,not_checked_by_benchmark
resnet18,hot,1,1048576,4,97,31.500000,11.161865,0.000000,31.598210,4,1.619904,1.903309,1.447609,14.503099,23.201443,0.258655,131.036653,173.041296,405.994268,2.346228,-0.677910,1.228973,not_checked_by_benchmark
resnet18,hot,2,1048576,4,97,31.500000,11.161865,0.000000,31.598325,4,1.623040,1.907662,1.479204,14.809289,23.478374,0.254250,125.394032,174.252762,394.017797,2.261185,-0.676680,1.228711,not_checked_by_benchmark
