model,round_type,round_index,threshold,cuda_layers,cpu_fallback_layers,cuda_original_mb,cpu_original_mb,full_gradient_D2H_avoided_mb,D2H_payload_mb,kernel_launch_count,cuda_kernel_ms,cuda_wall_ms,state_lookup_ms,payload_d2h_ms,payload_assembly_ms,state_commit_ms,cpu_fallback_ms,model_total_ms,cpu_baseline_model_total_ms,speedup_vs_cpu,ratio_delta,compression_ratio,correctness_status
resnet50,round0,0,262144,28,238,83.500000,6.427490,0.000000,83.500000,0,0.000000,0.000000,0.000000,49.504203,49.504203,6.896153,99.033855,242.124548,733.135919,3.027929,-0.726834,1.048720,not_checked_by_benchmark
resnet50,hot,1,262144,28,238,83.500000,6.427490,0.000000,84.970494,28,33.034144,34.938042,24.907758,46.313451,138.015478,2.088068,125.394972,408.014305,1016.205217,2.490612,-0.725565,1.030925,not_checked_by_benchmark
resnet50,hot,2,262144,28,238,83.500000,6.427490,0.000000,84.970654,28,32.856160,35.043369,7.826072,63.651286,125.038099,1.681933,127.736673,384.009274,1015.891773,2.645488,-0.726089,1.030912,not_checked_by_benchmark
resnet50,round0,0,524288,17,249,72.500000,17.427490,0.000000,72.500000,0,0.000000,0.000000,0.000000,32.685234,32.685234,1.131576,182.061740,282.609343,733.135919,2.594167,-0.698236,1.158509,not_checked_by_benchmark
resnet50,hot,1,524288,17,249,72.500000,17.427490,0.000000,73.626440,17,24.962080,26.152380,5.442989,42.345538,91.301920,1.335769,260.121491,463.500154,1016.205217,2.192459,-0.696304,1.140848,not_checked_by_benchmark
resnet50,hot,2,524288,17,249,72.500000,17.427490,0.000000,73.626600,17,24.977408,26.236190,5.586004,41.744183,90.874403,1.072642,276.765281,468.081651,1015.891773,2.170330,-0.696855,1.140942,not_checked_by_benchmark
resnet50,round0,0,1048576,9,257,55.000000,34.927490,0.000000,55.000000,0,0.000000,0.000000,0.000000,24.974387,24.974387,0.599335,310.188894,363.167321,733.135919,2.018728,-0.637702,1.390908,not_checked_by_benchmark
resnet50,hot,1,1048576,9,257,55.000000,34.927490,0.000000,55.959462,9,21.361760,21.968358,2.900976,47.391019,87.484487,0.570887,440.875869,609.345346,1016.205217,1.667700,-0.635913,1.367708,not_checked_by_benchmark
resnet50,hot,2,1048576,9,257,55.000000,34.927490,0.000000,55.959465,9,21.363648,22.399709,2.818236,35.431304,74.867186,0.566885,412.923187,576.026020,1015.891773,1.763621,-0.636516,1.368036,not_checked_by_benchmark
